Workbook

Sheet P1
A1: thisN | B1: key_resp.corr | C1: key_resp.rt | E1: seqRT | F1: ranRT
A2: 0 | B2: 1 | C2: 0.93258108 | E2: 0.93258108 | F2: 0.32668812
A3: 1 | B3: 1 | C3: 0.32266562 | E3: 0.32266562 | F3: 0.57620929
A4: 2 | B4: 1 | C4: 0.36946529 | E4: 0.36946529 | F4: 0.44504654
A5: 3 | B5: 1 | C5: 0.31804125 | E5: 0.31804125 | F5: 0.43576996
A6: 4 | B6: 1 | C6: 0.38956917 | E6: 0.38956917 | F6: 0.42692458
A7: 5 | B7: 1 | C7: 0.33850442 | E7: 0.33850442 | F7: 0.43408096
A8: 6 | B8: 1 | C8: 0.30894821 | E8: 0.30894821 | F8: 0.40829717
A9: 7 | B9: 1 | C9: 0.28531675 | E9: 0.28531675 | F9: 0.35277546
A10: 8 | B10: 1 | C10: 0.42035821 | E10: 0.42035821 | F10: 0.29063458
A11: 9 | B11: 1 | C11: 0.26063433 | E11: 0.26063433 | F11: 0.36896087
A12: 10 | B12: 1 | C12: 0.29397492 | E12: 0.29397492 | F12: 0.28329187
A13: 11 | B13: 1 | C13: 0.3499255 | E13: 0.3499255 | F13: 0.36328054
... A20: 18 | B20: 1 | C20: 0.22841404 | E20: 0.22841404 | F20: 0.39397054
A21: 19 | B21: 1 | C21: 0.25889271 | E21: 0.25889271 | F21: 0.43687788 | H21: Mean seqRT | I21: =AVERAGE(E2:E201) -> 0.32949494
A22: 20 | B22: 1 | C22: 0.26612679 | E22: 0.26612679 | F22: 0.39442475 | H22: Mean ranRT | I22: =AVERAGE(F2:F201) -> 0.50191944
A23: 21 | B23: 1 | C23: 0.40039671 | E23: 0.40039671 | F23: 0.41486425 | H23: Mean diff. | I23: =I22-I21 -> 0.1724245
A24: 22 | B24: 1 | C24: 0.32481496 | E24: 0.32481496 | F24: 0.46114062
A25: 23 | B25: 1 | C25: 0.25812475 | E25: 0.25812475 | F25: 0.43941167
A26: 24 | B26: 1 | C26: 0.27844171 | E26: 0.27844171
A27: 25 | B27: 1 | C27: 0.27092575 | E27: 0.27092575 | F27: 0.76781617
A28: 26 | B28: 1 | C28: 0.27204313 | E28: 0.27204313 | F28: 0.40857392
A29: 27 | B29: 1 | C29: 0.25885137 | E29: 0.25885137 | F29: 0.48147321
A30: 28 | B30: 1 | C30: 0.32720317 | E30: 0.32720317 | F30: 0.52506596
A31: 29 | B31: 1 | C31: 0.355879 | E31: 0.355879 | F31: 0.46368167
A32: 30 | B32: 1 | C32: 0.25616608 | E32: 0.25616608 | F32: 0.392927
A33: 31 | B33: 1 | C33: 0.29090263 | E33: 0.29090263 | F33: 0.39691687
A34: 32 | B34: 1 | C34: 0.27231317 | E34: 0.27231317 | F34: 0.40575771
A35: 33 | B35: 1 | C35: 0.27397108 | E35: 0.27397108 | F35: 0.45011896
A36: 34 | B36: 1 | C36: 0.22354308 | E36: 0.22354308 | F36: 0.54641288
A37: 35 | B37: 1 | C37: 0.27102583 | E37: 0.27102583 | F37: 0.30249075
A38: 36 | B38: 1 | C38: 0.30268896 | E38: 0.30268896 | F38: 0.43978021
... A41: 39 | B41: 1 | C41: 0.27708471 | E41: 0.27708471 | F41: 0.33412537
A42: 40 | B42: 1 | C42: 0.26355088 | E42: 0.26355088
A43: 41 | B43: 1 | C43: 0.29186317 | E43: 0.29186317 | F43: 0.47308879
A44: 42 | B44: 1 | C44: 0.27291154 | E44: 0.27291154 | F44: 0.31481992
A45: 43 | B45: 1 | C45: 0.30357167 | E45: 0.30357167 | F45: 0.34096179
A46: 44 | B46: 1 | C46: 0.29182242 | E46: 0.29182242 | F46: 0.65601117
A47: 45 | B47: 1 | C47: 0.32349525 | E47: 0.32349525 | F47: 0.31236983
A48: 46 | B48: 1 | C48: 0.27099871 | E48: 0.27099871 | F48: 0.37251796
A49: 47 | B49: 1 | C49: 0.28365037 | E49: 0.28365037 | F49: 0.40024346
A50: 48 | B50: 1 | C50: 0.27089083 | E50: 0.27089083 | F50: 0.53620279
A51: 49 | B51: 1 | C51: 0.32601567 | E51: 0.32601567 | F51: 0.44205417
A52: 50 | B52: 1 | C52: 0.47859854 | E52: 0.47859854 | F52: 0.64781592
A53: 51 | B53: 1 | C53: 0.36029375 | E53: 0.36029375 | F53: 0.61592067
A54: 52 | B54: 1 | C54: 0.38639117 | E54: 0.38639117 | F54: 0.55029229
... A67: 65 | B67: 1 | C67: 0.31518308 | E67: 0.31518308 | F67: 0.44463792
A68: 66 | B68: 1 | C68: 0.32234438 | E68: 0.32234438
A69: 67 | B69: 1 | C69: 0.28502487 | E69: 0.28502487 | F69: 0.53942887
A70: 68 | B70: 1 | C70: 0.28167037 | E70: 0.28167037 | F70: 0.50841787
A71: 69 | B71: 1 | C71: 0.27228208 | E71: 0.27228208
A72: 70 | B72: 1 | C72: 0.30388596 | E72: 0.30388596 | F72: 0.59382088
A73: 71 | B73: 1 | C73: 0.28683463 | E73: 0.28683463 | F73: 0.705679
A74: 72 | B74: 1 | C74: 0.25280796 | E74: 0.25280796 | F74: 0.60006562
A75: 73 | B75: 1 | C75: 0.31422396 | E75: 0.31422396 | F75: 0.59495879
A76: 74 | B76: 1 | C76: 0.30204404 | E76: 0.30204404 | F76: 0.51866867
A77: 75 | B77: 1 | C77: 0.31670825 | E77: 0.31670825 | F77: 0.68528808
A78: 76 | B78: 1 | C78: 0.31776254 | E78: 0.31776254 | F78: 0.57536208
A79: 77 | B79: 1 | C79: 0.29001671 | E79: 0.29001671 | F79: 0.43951958
A80: 78 | B80: 1 | C80: 0.2348105 | E80: 0.2348105 | F80: 0.33562667
A81: 79 | B81: 1 | C81: 0.27805733 | E81: 0.27805733
A82: 80 | B82: 1 | C82: 0.30155183 | E82: 0.30155183 | F82: 0.69455842
A83: 81 | B83: 1 | C83: 0.48444033 | E83: 0.48444033 | F83: 0.46751562
A84: 82 | B84: 1 | C84: 0.24320537 | E84: 0.24320537 | F84: 0.74237275
A85: 83 | B85: 1 | C85: 0.27315371 | E85: 0.27315371 | F85: 0.48674775
A86: 84 | B86: 1 | C86: 0.28161825 | E86: 0.28161825 | F86: 0.31862575
A87: 85 | B87: 1 | C87: 0.34531062 | E87: 0.34531062 | F87: 0.56777942
A88: 86 | B88: 1 | C88: 0.24029392 | E88: 0.24029392 | F88: 0.48617275
A89: 87 | B89: 1 | C89: 0.25028046 | E89: 0.25028046 | F89: 0.44814192
A90: 88 | B90: 1 | C90: 0.31852217 | E90: 0.31852217 | F90: 0.38901025
A91: 89 | B91: 1 | C91: 0.27275129 | E91: 0.27275129
A92: 90 | B92: 1 | C92: 0.23518333 | E92: 0.23518333 | F92: 0.27831583
A93: 91 | B93: 1 | C93: 0.29526675 | E93: 0.29526675 | F93: 0.37043042
A94: 92 | B94: 1 | C94: 0.64460125 | E94: 0.64460125 | F94: 0.42619
A95: 93 | B95: 1 | C95: 0.35811729 | E95: 0.35811729 | F95: 0.65989983
A96: 94 | B96: 1 | C96: 0.37230912 | E96: 0.37230912 | F96: 0.34203504
A97: 95 | B97: 1 | C97: 0.32882463 | E97: 0.32882463 | F97: 0.3030975
A98: 96 | B98: 1 | C98: 0.28850362 | E98: 0.28850362 | F98: 0.71976858
A99: 97 | B99: 1 | C99: 0.27326829 | E99: 0.27326829 | F99: 0.97360758
A100: 98 | B100: 1 | C100: 0.29617125 | E100: 0.29617125 | F100: 0.31736292
A101: 99 | B101: 1 | C101: 0.27180625 | E101: 0.27180625 | F101: 0.38908575
A102: 100 | B102: 1 | C102: 0.27961579 | E102: 0.27961579 | F102: 0.54961096
A103: 101 | B103: 1 | C103: 0.27419137 | E103: 0.27419137 | F103: 0.45450829
... A142: 140 | B142: 1 | C142: 0.47216004 | E142: 0.47216004 | F142: 0.36290079
A143: 141 | B143: 1 | C143: 0.41919921 | E143: 0.41919921
A144: 142 | B144: 1 | C144: 0.29096104 | E144: 0.29096104 | F144: 0.74767125
A145: 143 | B145: 1 | C145: 0.34306433 | E145: 0.34306433 | F145: 0.50541104
A146: 144 | B146: 1 | C146: 0.25232542 | E146: 0.25232542 | F146: 0.53760308
A147: 145 | B147: 1 | C147: 0.27778087 | E147: 0.27778087 | F147: 0.56783192
A148: 146 | B148: 1 | C148: 0.43988496 | E148: 0.43988496 | F148: 0.54097662
A149: 147 | B149: 1 | C149: 0.33957187 | E149: 0.33957187 | F149: 0.59987896
A150: 148 | B150: 1 | C150: 0.58671733 | E150: 0.58671733 | F150: 0.65171296
A151: 149 | B151: 1 | C151: 0.35332496 | E151: 0.35332496
A152: 150 | B152: 1 | C152: 0.28860271 | E152: 0.28860271 | F152: 0.4712995
A153: 151 | B153: 1 | C153: 0.32066875 | E153: 0.32066875 | F153: 0.72800487
A154: 152 | B154: 1 | C154: 0.52064954 | E154: 0.52064954 | F154: 0.46950467
A155: 153 | B155: 1 | C155: 0.317432 | E155: 0.317432 | F155: 0.62785187
A156: 154 | B156: 1 | C156: 0.28323317 | E156: 0.28323317 | F156: 0.56167792
A157: 155 | B157: 1 | C157: 0.28368033 | E157: 0.28368033 | F157: 0.73773442
A158: 156 | B158: 1 | C158: 0.43313613 | E158: 0.43313613 | F158: 0.71972596
...

Sheet P2
A1: thisN | B1: key_resp.corr | C1: key_resp.rt | E1: seqRT | F1: ranRT
A2: 0 | B2: 1 | C2: 0.49593742 | E2: 0.49593742 | F2: 0.44308287
A3: 1 | B3: 1 | C3: 0.33917142 | E3: 0.33917142 | F3: 0.54080221
A4: 2 | B4: 1 | C4: 0.54757417 | E4: 0.54757417 | F4: 0.44787617
A5: 3 | B5: 1 | C5: 0.31782017 | E5: 0.31782017 | F5: 0.22789858
A6: 4 | B6: 1 | C6: 0.32847317 | E6: 0.32847317 | F6: 0.38336333
A7: 5 | B7: 1 | C7: 0.33014237 | E7: 0.33014237 | F7: 0.35929079
A8: 6 | B8: 1 | C8: 0.28090933 | E8: 0.28090933 | F8: 0.22832675
A9: 7 | B9: 1 | C9: 0.36089946 | E9: 0.36089946 | F9: 0.28808679
A10: 8 | B10: 1 | C10: 0.4710825 | E10: 0.4710825 | F10: 0.31930083
A11: 9 | B11: 1 | C11: 0.33990346 | E11: 0.33990346 | F11: 0.22840642
A12: 10 | B12: 1 | C12: 0.40083567 | E12: 0.40083567 | F12: 0.26378496
A13: 11 | B13: 1 | C13: 0.46342462 | E13: 0.46342462 | F13: 0.44530033
... A15: 13 | B15: 1 | C15: 0.31544179 | E15: 0.31544179 | F15: 0.31312442
A16: 14 | B16: 1 | C16: 0.30021587 | E16: 0.30021587
A17: 15 | B17: 1 | C17: 0.35435067 | E17: 0.35435067 | F17: 0.43520829
A18: 16 | B18: 1 | C18: 0.36946225 | E18: 0.36946225 | F18: 0.32880321
A19: 17 | B19: 1 | C19: 0.30826483 | E19: 0.30826483
A20: 18 | B20: 1 | C20: 0.30344296 | E20: 0.30344296 | F20: 0.48949525 | H20: Mean seqRT | I20: =AVERAGE(E1:E201) -> 0.35340299
A21: 19 | B21: 1 | C21: 0.28290038 | E21: 0.28290038 | F21: 0.56850058 | H21: Mean ranRT | I21: =AVERAGE(F1:F201) -> 0.43284541
A22: 20 | B22: 1 | C22: 0.402005 | E22: 0.402005 | F22: 0.33431479 | H22: Mean diff. | I22: =I21-I20 -> 0.079442421
A23: 21 | B23: 1 | C23: 0.44204329 | E23: 0.44204329 | F23: 0.42170608
A24: 22 | B24: 1 | C24: 0.35454275 | E24: 0.35454275 | F24: 0.38528229
A25: 23 | B25: 1 | C25: 0.2995595 | E25: 0.2995595 | F25: 0.35188437
A26: 24 | B26: 1 | C26: 0.43949975 | E26: 0.43949975 | F26: 0.40468042
A27: 25 | B27: 1 | C27: 0.33354862 | E27: 0.33354862 | F27: 0.33817579
A28: 26 | B28: 1 | C28: 0.33707796 | E28: 0.33707796 | F28: 0.47387508
A29: 27 | B29: 1 | C29: 0.33467217 | E29: 0.33467217 | F29: 0.35947133
A30: 28 | B30: 1 | C30: 0.30995737 | E30: 0.30995737 | F30: 0.43476117
A31: 29 | B31: 1 | C31: 0.39166637 | E31: 0.39166637 | F31: 0.38879867
A32: 30 | B32: 1 | C32: 0.34308054 | E32: 0.34308054 | F32: 0.43421858
A33: 31 | B33: 1 | C33: 0.32478017 | E33: 0.32478017 | F33: 0.38899467
A34: 32 | B34: 1 | C34: 0.31732437 | E34: 0.31732437 | F34: 0.29377354
... A65: 63 | B65: 1 | C65: 0.273778 | E65: 0.273778 | F65: 0.34219183
A66: 64 | B66: 1 | C66: 0.34360625 | E66: 0.34360625
A67: 65 | B67: 1 | C67: 0.26414579 | E67: 0.26414579 | F67: 0.47694167
A68: 66 | B68: 1 | C68: 0.35234108 | E68: 0.35234108 | F68: 0.430446
A69: 67 | B69: 1 | C69: 0.37452921 | E69: 0.37452921 | F69: 0.48414671
A70: 68 | B70: 1 | C70: 0.27632929 | E70: 0.27632929 | F70: 0.3742175
A71: 69 | B71: 1 | C71: 0.29188483 | E71: 0.29188483 | F71: 0.56542958
A72: 70 | B72: 1 | C72: 0.33231171 | E72: 0.33231171 | F72: 0.30363883
A73: 71 | B73: 1 | C73: 0.45224438 | E73: 0.45224438 | F73: 0.45196492
A74: 72 | B74: 1 | C74: 0.35083542 | E74: 0.35083542 | F74: 0.44699521
A75: 73 | B75: 1 | C75: 0.29121925 | E75: 0.29121925 | F75: 0.52686788
A76: 74 | B76: 1 | C76: 0.32484258 | E76: 0.32484258 | F76: 0.49128604
A77: 75 | B77: 1 | C77: 0.51424125 | E77: 0.51424125 | F77: 0.43739571
A78: 76 | B78: 1 | C78: 0.28254054 | E78: 0.28254054 | F78: 0.43219379
... A132: 130 | B132: 1 | C132: 0.31436067 | E132: 0.31436067 | F132: 0.39879562
A133: 131 | B133: 1 | C133: 0.44566171 | E133: 0.44566171
A134: 132 | B134: 1 | C134: 0.32964646 | E134: 0.32964646 | F134: 0.45698896
A135: 133 | B135: 1 | C135: 0.56731829 | E135: 0.56731829 | F135: 0.51991133
A136: 134 | B136: 1 | C136: 0.40545667 | E136: 0.40545667 | F136: 0.32648471
A137: 135 | B137: 1 | C137: 0.61953546 | E137: 0.61953546 | F137: 0.32007783
A138: 136 | B138: 1 | C138: 0.46843533 | E138: 0.46843533 | F138: 0.68052562
A139: 137 | B139: 1 | C139: 0.35284621 | E139: 0.35284621 | F139: 0.60219087
A140: 138 | B140: 1 | C140: 0.34664425 | E140: 0.34664425 | F140: 0.44116713
A141: 139 | B141: 1 | C141: 0.30461196 | E141: 0.30461196 | F141: 0.538143
A142: 140 | B142: 1 | C142: 0.36407208 | E142: 0.36407208 | F142: 0.34159937
A143: 141 | B143: 1 | C143: 0.34726704 | E143: 0.34726704 | F143: 0.41374521
A144: 142 | B144: 1 | C144: 0.34841163 | E144: 0.34841163 | F144: 0.39097042
A145: 143 | B145: 1 | C145: 0.23022975 | E145: 0.23022975 | F145: 0.44701625
... A166: 164 | B166: 1 | C166: 0.30106742 | E166: 0.30106742 | F166: 0.48341471
A167: 165 | B167: 1 | C167: 0.27322212 | E167: 0.27322212
A168: 166 | B168: 1 | C168: 0.23737254 | E168: 0.23737254 | F168: 0.36428167
A169: 167 | B169: 1 | C169: 0.27947937 | E169: 0.27947937 | F169: 0.36546067
A170: 168 | B170: 1 | C170: 0.31188283 | E170: 0.31188283 | F170: 0.29186017
A171: 169 | B171: 1 | C171: 0.30097837 | E171: 0.30097837 | F171: 0.39079375
A172: 170 | B172: 1 | C172: 0.33365337 | E172: 0.33365337 | F172: 0.37470525
A173: 171 | B173: 1 | C173: 0.26609875 | E173: 0.26609875 | F173: 0.51829133
A174: 172 | B174: 1 | C174: 0.26432846 | E174: 0.26432846 | F174: 0.42168683
A175: 173 | B175: 1 | C175: 0.28161279 | E175: 0.28161279 | F175: 0.34716767
A176: 174 | B176: 1 | C176: 0.3163485 | E176: 0.3163485 | F176: 0.47013904
A177: 175 | B177: 1 | C177: 0.29340112 | E177: 0.29340112 | F177: 0.52069408
A178: 176 | B178: 1 | C178: 0.29330037 | E178: 0.29330037 | F178: 0.40623167
A179: 177 | B179: 1 | C179: 0.28636567 | E179: 0.28636567 | F179: 0.33144429
... A191: 189 | B191: 1 | C191: 0.39442379 | E191: 0.39442379 | F191: 0.49779771
A192: 190 | B192: 0 | F192: 0.32974167
A193: 191 | B193: 1 | C193: 0.56346671 | E193: 0.56346671 | F193: 0.47137425
A194: 192 | B194: 1 | C194: 0.43264862 | E194: 0.43264862 | F194: 0.51092196
A195: 193 | B195: 1 | C195: 0.29635017 | E195: 0.29635017 | F195: 0.29333717
A196: 194 | B196: 1 | C196: 0.45219704 | E196: 0.45219704 | F196: 0.28019017
A197: 195 | B197: 1 | C197: 0.33525008 | E197: 0.33525008 | F197: 0.43509737
A198: 196 | B198: 1 | C198: 0.50211971 | E198: 0.50211971 | F198: 0.39250579
A199: 197 | B199: 1 | C199: 0.40723875 | E199: 0.40723875 | F199: 0.48936458
A200: 198 | B200: 1 | C200: 0.32852792 | E200: 0.32852792 | F200: 0.44547417
A201: 199 | B201: 1 | C201: 0.28984138 | E201: 0.28984138 | F201: 0.4193195
A202: 0 | B202: 1 | C202: 0.44308287
A203: 1 | B203: 1 | C203: 0.54080221
A204: 2 | B204: 1 | C204: 0.44787617
A205: 3 | B205: 1 | C205: 0.22789858
A206: 4 | B206: 1 | C206: 0.38336333
A207: 5 | B207: 1 | C207: 0.35929079
A208: 6 | B208: 1 | C208: 0.22832675
A209: 7 | B209: 1 | C209: 0.28808679
A210: 8 | B210: 1 | C210: 0.31930083
A211: 9 | B211: 1 | C211: 0.22840642
A212: 10 | B212: 1 | C212: 0.26378496
A213: 11 | B213: 1 | C213: 0.44530033
... A215: 13 | B215: 1 | C215: 0.31312442
A216: 14 | B216: 0
...

Sheet P3
A1: thisN | B1: key_resp.corr | C1: key_resp.rt | E1: seqRT | F1: ranRT
A2: 0 | B2: 1 | C2: 0.53442704 | E2: 0.53442704 | F2: 0.49461117
A3: 1 | B3: 1 | C3: 0.31888487 | E3: 0.31888487 | F3: 0.33054117
A4: 2 | B4: 1 | C4: 0.29297896 | E4: 0.29297896 | F4: 0.44415462
A5: 3 | B5: 1 | C5: 0.45112212 | E5: 0.45112212 | F5: 0.53008612
A6: 4 | B6: 1 | C6: 0.32010637 | E6: 0.32010637 | F6: 0.62352871
A7: 5 | B7: 1 | C7: 0.38949692 | E7: 0.38949692 | F7: 0.43430479
A8: 6 | B8: 0 | F8: 0.48689996
A9: 7 | B9: 1 | C9: 0.52028842 | E9: 0.52028842 | F9: 0.54378846
A10: 8 | B10: 1 | C10: 0.49799579 | E10: 0.49799579 | F10: 0.48667046
A11: 9 | B11: 1 | C11: 0.31480471 | E11: 0.31480471 | F11: 0.47188737
A12: 10 | B12: 1 | C12: 0.33903025 | E12: 0.33903025 | F12: 0.49002133
A13: 11 | B13: 1 | C13: 0.48808187 | E13: 0.48808187 | F13: 0.31870767
A14: 12 | B14: 1 | C14: 0.39608125 | E14: 0.39608125 | F14: 0.34070442
A15: 13 | B15: 1 | C15: 0.37993183 | E15: 0.37993183 | F15: 0.44322288
A16: 14 | B16: 1 | C16: 0.270286 | E16: 0.270286 | F16: 0.31893171
A17: 15 | B17: 1 | C17: 0.30888962 | E17: 0.30888962
A18: 16 | B18: 1 | C18: 0.27424767 | E18: 0.27424767 | F18: 0.55931983
A19: 17 | B19: 1 | C19: 0.28379854 | E19: 0.28379854 | F19: 0.35152292
A20: 18 | B20: 1 | C20: 0.23581104 | E20: 0.23581104 | F20: 0.446879 | H20: Mean seqRT | I20: =AVERAGE(E1:E201) -> 0.32425772
A21: 19 | B21: 1 | C21: 0.29744029 | E21: 0.29744029 | F21: 0.44954679 | H21: Mean ranRT | I21: =AVERAGE(F1:F201) -> 0.43228424
A22: 20 | B22: 1 | C22: 0.35636642 | E22: 0.35636642 | F22: 0.52577654 | H22: Mean diff. | I22: =I21-I20 -> 0.10802652
A23: 21 | B23: 1 | C23: 0.33355617 | E23: 0.33355617 | F23: 0.39359488
A24: 22 | B24: 1 | C24: 0.26591812 | E24: 0.26591812 | F24: 0.37940321
A25: 23 | B25: 1 | C25: 0.33113662 | E25: 0.33113662 | F25: 0.52594917
A26: 24 | B26: 1 | C26: 1.0833748 | E26: 1.0833748 | F26: 0.48253296
A27: 25 | B27: 1 | C27: 0.42336188 | E27: 0.42336188 | F27: 0.37313904
A28: 26 | B28: 1 | C28: 0.44363304 | E28: 0.44363304 | F28: 0.48985421
A29: 27 | B29: 1 | C29: 0.31451329 | E29: 0.31451329 | F29: 0.42371921
A30: 28 | B30: 1 | C30: 0.28761813 | E30: 0.28761813 | F30: 0.40042375
A31: 29 | B31: 1 | C31: 0.28306021 | E31: 0.28306021 | F31: 0.42834071
A32: 30 | B32: 1 | C32: 0.23658083 | E32: 0.23658083 | F32: 0.48684458
A33: 31 | B33: 1 | C33: 0.30563012 | E33: 0.30563012 | F33: 0.3310755
A34: 32 | B34: 1 | C34: 0.35340912 | E34: 0.35340912 | F34: 0.5326265
... A49: 47 | B49: 1 | C49: 0.28116771 | E49: 0.28116771 | F49: 0.41783167
A50: 48 | B50: 1 | C50: 0.31311092 | E50: 0.31311092
A51: 49 | B51: 1 | C51: 0.27389933 | E51: 0.27389933 | F51: 0.44392142
A52: 50 | B52: 1 | C52: 0.24239258 | E52: 0.24239258 | F52: 0.40278563
A53: 51 | B53: 1 | C53: 0.30646721 | E53: 0.30646721 | F53: 0.36609208
A54: 52 | B54: 0 | F54: 0.35824892
A55: 53 | B55: 1 | C55: 0.49149412 | E55: 0.49149412 | F55: 0.41071067
A56: 54 | B56: 1 | C56: 0.26543825 | E56: 0.26543825 | F56: 0.52827629
A57: 55 | B57: 1 | C57: 0.45974175 | E57: 0.45974175 | F57: 0.52960737
A58: 56 | B58: 1 | C58: 0.2591125 | E58: 0.2591125 | F58: 0.466208
A59: 57 | B59: 1 | C59: 0.34627642 | E59: 0.34627642 | F59: 0.37452146
A60: 58 | B60: 1 | C60: 0.27230037 | E60: 0.27230037 | F60: 0.42603746
A61: 59 | B61: 1 | C61: 0.24900367 | E61: 0.24900367 | F61: 0.40472546
A62: 60 | B62: 1 | C62: 0.31303162 | E62: 0.31303162 | F62: 0.47722042
A63: 61 | B63: 1 | C63: 0.2142855 | E63: 0.2142855 | F63: 0.36616779
A64: 62 | B64: 1 | C64: 0.28554396 | E64: 0.28554396 | F64: 0.45337183
A65: 63 | B65: 1 | C65: 0.28737875 | E65: 0.28737875 | F65: 0.425482
A66: 64 | B66: 1 | C66: 0.27702171 | E66: 0.27702171 | F66: 0.40920454
... A98: 96 | B98: 1 | C98: 0.392421 | E98: 0.392421 | F98: 0.39673867
A99: 97 | B99: 1 | C99: 0.28430587 | E99: 0.28430587
A100: 98 | B100: 1 | C100: 0.30814992 | E100: 0.30814992 | F100: 0.43933392
A101: 99 | B101: 1 | C101: 0.43125233 | E101: 0.43125233 | F101: 0.49645737
A102: 100 | B102: 1 | C102: 0.32499408 | E102: 0.32499408 | F102: 0.47022437
A103: 101 | B103: 1 | C103: 0.42758637 | E103: 0.42758637 | F103: 0.44163387
A104: 102 | B104: 1 | C104: 0.31310687 | E104: 0.31310687 | F104: 0.44667921
A105: 103 | B105: 1 | C105: 0.24446646 | E105: 0.24446646 | F105: 0.32256488
A106: 104 | B106: 1 | C106: 0.28047275 | E106: 0.28047275 | F106: 0.28517321
A107: 105 | B107: 1 | C107: 0.30094929 | E107: 0.30094929 | F107: 0.45469642
A108: 106 | B108: 1 | C108: 0.2958145 | E108: 0.2958145 | F108: 0.54521692
A109: 107 | B109: 1 | C109: 0.28871262 | E109: 0.28871262 | F109: 0.3887685
A110: 108 | B110: 1 | C110: 0.26096458 | E110: 0.26096458 | F110: 0.48110508
A111: 109 | B111: 1 | C111: 0.38218971 | E111: 0.38218971 | F111: 0.2916755
... A127: 125 | B127: 1 | C127: 0.50704454 | E127: 0.50704454 | F127: 0.40042017
A128: 126 | B128: 1 | C128: 0.26264183 | E128: 0.26264183
A129: 127 | B129: 1 | C129: 0.30058171 | E129: 0.30058171 | F129: 0.38532471
A130: 128 | B130: 1 | C130: 0.27111696 | E130: 0.27111696 | F130: 0.44828533
A131: 129 | B131: 1 | C131: 0.26222175 | E131: 0.26222175 | F131: 0.29691404
A132: 130 | B132: 1 | C132: 0.281508 | E132: 0.281508 | F132: 0.36758946
A133: 131 | B133: 1 | C133: 0.26513425 | E133: 0.26513425 | F133: 0.58957496
A134: 132 | B134: 1 | C134: 0.26950896 | E134: 0.26950896 | F134: 0.45443537
A135: 133 | B135: 1 | C135: 1.0984708 | E135: 1.0984708 | F135: 0.48735533
A136: 134 | B136: 1 | C136: 0.33292779 | E136: 0.33292779 | F136: 0.30385637
A137: 135 | B137: 1 | C137: 0.24154671 | E137: 0.24154671 | F137: 0.37880471
A138: 136 | B138: 1 | C138: 0.28342171 | E138: 0.28342171 | F138: 0.34033325
A139: 137 | B139: 1 | C139: 0.15186425 | E139: 0.15186425 | F139: 0.51792633
A140: 138 | B140: 1 | C140: 0.29149067 | E140: 0.29149067 | F140: 0.36794967
... A165: 163 | B165: 1 | C165: 0.26374762 | E165: 0.26374762 | F165: 0.34450487
A166: 164 | B166: 1 | C166: 0.28411104 | E166: 0.28411104
A167: 165 | B167: 1 | C167: 0.26501733 | E167: 0.26501733 | F167: 0.30889554
A168: 166 | B168: 1 | C168: 0.29606721 | E168: 0.29606721 | F168: 0.370279
A169: 167 | B169: 1 | C169: 0.32680475 | E169: 0.32680475 | F169: 0.35399558
A170: 168 | B170: 1 | C170: 0.28336175 | E170: 0.28336175 | F170: 0.36884042
A171: 169 | B171: 1 | C171: 0.30702875 | E171: 0.30702875 | F171: 0.41549896
A172: 170 | B172: 1 | C172: 0.27350421 | E172: 0.27350421 | F172: 0.27755658
A173: 171 | B173: 1 | C173: 0.2783955 | E173: 0.2783955 | F173: 0.38122658
A174: 172 | B174: 1 | C174: 0.29373312 | E174: 0.29373312 | F174: 0.28799525
A175: 173 | B175: 1 | C175: 0.27777671 | E175: 0.27777671 | F175: 0.27376729
A176: 174 | B176: 1 | C176: 0.41719962 | E176: 0.41719962 | F176: 0.33526296
A177: 175 | B177: 1 | C177: 0.31136987 | E177: 0.31136987 | F177: 0.30996558
A178: 176 | B178: 1 | C178: 0.29485117 | E178: 0.29485117 | F178: 0.37517537
A179: 177 | B179: 1 | C179: 0.45191833 | E179: 0.45191833
A180: 178 | B180: 1 | C180: 0.33637437 | E180: 0.33637437 | F180: 0.63089983
A181: 179 | B181: 1 | C181: 0.29970479 | E181: 0.29970479 | F181: 0.56718804
A182: 180 | B182: 1 | C182: 0.26184454 | E182: 0.26184454 | F182: 0.33709183
A183: 181 | B183: 1 | C183: 0.36601737 | E183: 0.36601737 | F183: 0.38275208
A184: 182 | B184: 1 | C184: 0.28422254 | E184: 0.28422254 | F184: 0.35215783
...

Sheet P4
A1: thisN | B1: key_resp.corr | C1: key_resp.rt | E1: seqRT | F1: ranRT
A2: 0 | B2: 1 | C2: 0.44849342 | E2: 0.44849342 | F2: 0.49889312
A3: 1 | B3: 1 | C3: 0.29273213 | E3: 0.29273213 | F3: 0.29373467
A4: 2 | B4: 1 | C4: 0.2544475 | E4: 0.2544475 | F4: 0.30679308
A5: 3 | B5: 1 | C5: 0.25777208 | E5: 0.25777208 | F5: 0.45708808
A6: 4 | B6: 1 | C6: 0.43361563 | E6: 0.43361563 | F6: 0.36036358
A7: 5 | B7: 1 | C7: 0.42797433 | E7: 0.42797433 | F7: 0.46067529
A8: 6 | B8: 1 | C8: 0.22579587 | E8: 0.22579587 | F8: 0.53992504
A9: 7 | B9: 1 | C9: 0.33049075 | E9: 0.33049075 | F9: 0.37884454
A10: 8 | B10: 1 | C10: 0.42314542 | E10: 0.42314542 | F10: 0.30636087
A11: 9 | B11: 1 | C11: 0.31178196 | E11: 0.31178196 | F11: 0.45986942
A12: 10 | B12: 1 | C12: 0.41111112 | E12: 0.41111112 | F12: 0.52908288
A13: 11 | B13: 1 | C13: 0.43316237 | E13: 0.43316237 | F13: 0.44861692
... A19: 17 | B19: 1 | C19: 0.32271246 | E19: 0.32271246 | F19: 0.44855288
A20: 18 | B20: 1 | C20: 0.29018071 | E20: 0.29018071 | F20: 0.44838483 | H20: Mean seqRT | I20: =AVERAGE(E1:E201) -> 0.3355465
A21: 19 | B21: 1 | C21: 0.29840817 | E21: 0.29840817 | F21: 0.52382375 | H21: Mean ranRT | I21: =AVERAGE(F1:F201) -> 0.45399693
A22: 20 | B22: 1 | C22: 0.30023917 | E22: 0.30023917 | F22: 0.46644271 | H22: Mean diff. | I22: =I21-I20 -> 0.11845044
A23: 21 | B23: 1 | C23: 0.30012746 | E23: 0.30012746 | F23: 0.608668
A24: 22 | B24: 1 | C24: 0.30245567 | E24: 0.30245567 | F24: 0.35796004
A25: 23 | B25: 1 | C25: 0.25125492 | E25: 0.25125492 | F25: 0.27641171
A26: 24 | B26: 1 | C26: 0.29735083 | E26: 0.29735083 | F26: 0.51900104
A27: 25 | B27: 1 | C27: 0.33456462 | E27: 0.33456462 | F27: 0.63916925
A28: 26 | B28: 1 | C28: 0.30716338 | E28: 0.30716338 | F28: 0.66822488
A29: 27 | B29: 1 | C29: 0.31936375 | E29: 0.31936375 | F29: 0.513043
A30: 28 | B30: 1 | C30: 0.25836763 | E30: 0.25836763 | F30: 0.55807958
A31: 29 | B31: 1 | C31: 0.29318246 | E31: 0.29318246 | F31: 0.44011117
A32: 30 | B32: 1 | C32: 0.31422954 | E32: 0.31422954 | F32: 0.334902
A33: 31 | B33: 1 | C33: 0.2573745 | E33: 0.2573745 | F33: 0.40118471
A34: 32 | B34: 1 | C34: 0.28471208 | E34: 0.28471208 | F34: 0.81897179
... A50: 48 | B50: 1 | C50: 0.3218845 | E50: 0.3218845 | F50: 0.55289858
A51: 49 | B51: 0 | F51: 0.30393817
A52: 50 | B52: 1 | C52: 0.46088529 | E52: 0.46088529 | F52: 0.34114071
A53: 51 | B53: 1 | C53: 0.26901954 | E53: 0.26901954 | F53: 0.360834
A54: 52 | B54: 1 | C54: 0.30366737 | E54: 0.30366737 | F54: 0.35909329
A55: 53 | B55: 1 | C55: 0.29375133 | E55: 0.29375133 | F55: 0.51857221
A56: 54 | B56: 1 | C56: 0.26349996 | E56: 0.26349996
A57: 55 | B57: 1 | C57: 0.38220379 | E57: 0.38220379 | F57: 0.38353617
A58: 56 | B58: 1 | C58: 0.41027571 | E58: 0.41027571 | F58: 0.43567004
A59: 57 | B59: 1 | C59: 0.32550579 | E59: 0.32550579 | F59: 0.36004817
A60: 58 | B60: 1 | C60: 0.24750575 | E60: 0.24750575 | F60: 0.55342317
A61: 59 | B61: 1 | C61: 0.28441354 | E61: 0.28441354 | F61: 0.41750379
A62: 60 | B62: 1 | C62: 0.35748867 | E62: 0.35748867 | F62: 0.37787625
A63: 61 | B63: 1 | C63: 0.40745737 | E63: 0.40745737 | F63: 0.33467883
A64: 62 | B64: 1 | C64: 0.23379762 | E64: 0.23379762 | F64: 0.44463654
A65: 63 | B65: 1 | C65: 0.31430296 | E65: 0.31430296 | F65: 0.43088183
A66: 64 | B66: 1 | C66: 0.27474421 | E66: 0.27474421 | F66: 0.41906196
A67: 65 | B67: 1 | C67: 0.46925046 | E67: 0.46925046 | F67: 0.56733046
A68: 66 | B68: 1 | C68: 0.30258854 | E68: 0.30258854 | F68: 0.42543354
... A70: 68 | B70: 1 | C70: 0.30211242 | E70: 0.30211242 | F70: 0.59069308
A71: 69 | B71: 1 | C71: 0.59173221 | E71: 0.59173221
A72: 70 | B72: 1 | C72: 0.75401771 | E72: 0.75401771 | F72: 0.50512225
A73: 71 | B73: 1 | C73: 0.37303779 | E73: 0.37303779 | F73: 0.53286992
A74: 72 | B74: 1 | C74: 0.39449233 | E74: 0.39449233 | F74: 0.61857967
A75: 73 | B75: 1 | C75: 0.32552667 | E75: 0.32552667 | F75: 0.67453946
A76: 74 | B76: 1 | C76: 0.43028833 | E76: 0.43028833 | F76: 0.43170904
A77: 75 | B77: 1 | C77: 0.42585342 | E77: 0.42585342 | F77: 0.37455479
A78: 76 | B78: 1 | C78: 0.37041967 | E78: 0.37041967 | F78: 0.37115367
A79: 77 | B79: 1 | C79: 0.282457 | E79: 0.282457 | F79: 0.44118354
A80: 78 | B80: 1 | C80: 0.34346471 | E80: 0.34346471
A81: 79 | B81: 1 | C81: 0.54029529 | E81: 0.54029529 | F81: 0.49857371
A82: 80 | B82: 1 | C82: 0.40322483 | E82: 0.40322483 | F82: 0.59661042
A83: 81 | B83: 1 | C83: 0.51593417 | E83: 0.51593417 | F83: 0.352981
A84: 82 | B84: 1 | C84: 0.44257371 | E84: 0.44257371 | F84: 0.39526362
A85: 83 | B85: 1 | C85: 0.53166675 | E85: 0.53166675 | F85: 0.42636225
A86: 84 | B86: 1 | C86: 0.49828933 | E86: 0.49828933 | F86: 0.55388821
A87: 85 | B87: 1 | C87: 0.46240254 | E87: 0.46240254 | F87: 0.34544479
A88: 86 | B88: 1 | C88: 0.33871963 | E88: 0.33871963 | F88: 0.49482263
A89: 87 | B89: 1 | C89: 0.27953192 | E89: 0.27953192 | F89: 0.46007033
A90: 88 | B90: 1 | C90: 0.34163196 | E90: 0.34163196 | F90: 0.49705454
A91: 89 | B91: 1 | C91: 0.29082442 | E91: 0.29082442 | F91: 0.46992054
A92: 90 | B92: 1 | C92: 0.23682396 | E92: 0.23682396 | F92: 0.52837229
... A125: 123 | B125: 1 | C125: 0.33242783 | E125: 0.33242783 | F125: 0.39163354
A126: 124 | B126: 1 | C126: 0.36467942 | E126: 0.36467942
A127: 125 | B127: 1 | C127: 0.307382 | E127: 0.307382 | F127: 0.50668167
A128: 126 | B128: 1 | C128: 0.34186012 | E128: 0.34186012 | F128: 0.5435975
A129: 127 | B129: 1 | C129: 0.30886613 | E129: 0.30886613 | F129: 0.54362012
A130: 128 | B130: 1 | C130: 0.29161575 | E130: 0.29161575 | F130: 0.45440075
A131: 129 | B131: 1 | C131: 0.28501546 | E131: 0.28501546 | F131: 0.429733
A132: 130 | B132: 1 | C132: 0.27395254 | E132: 0.27395254 | F132: 0.54038112
A133: 131 | B133: 1 | C133: 0.25822296 | E133: 0.25822296 | F133: 0.37539637
A134: 132 | B134: 1 | C134: 0.27877846 | E134: 0.27877846 | F134: 0.51441742
A135: 133 | B135: 1 | C135: 0.30519008 | E135: 0.30519008 | F135: 0.58917767
A136: 134 | B136: 1 | C136: 0.28212763 | E136: 0.28212763 | F136: 0.41922142
A137: 135 | B137: 1 | C137: 0.33673546 | E137: 0.33673546 | F137: 0.50477379
A138: 136 | B138: 1 | C138: 0.30961658 | E138: 0.30961658 | F138: 0.42475121
... A142: 140 | B142: 1 | C142: 0.27057033 | E142: 0.27057033 | F142: 0.38145225
A143: 141 | B143: 1 | C143: 0.336315 | E143: 0.336315
A144: 142 | B144: 1 | C144: 0.050765124 | E144: 0.050765124 | F144: 0.59327296
A145: 143 | B145: 1 | C145: 0.34124154 | E145: 0.34124154 | F145: 0.57597612
A146: 144 | B146: 1 | C146: 0.37272212 | E146: 0.37272212 | F146: 0.39588337
A147: 145 | B147: 1 | C147: 0.39932121 | E147: 0.39932121 | F147: 0.44966425
A148: 146 | B148: 1 | C148: 0.28049904 | E148: 0.28049904 | F148: 0.65883687
A149: 147 | B149: 1 | C149: 0.28987846 | E149: 0.28987846 | F149: 0.55809679
A150: 148 | B150: 1 | C150: 0.29701562 | E150: 0.29701562 | F150: 0.38927133
A151: 149 | B151: 1 | C151: 0.30271821 | E151: 0.30271821 | F151: 0.27620437
A152: 150 | B152: 1 | C152: 0.34023933 | E152: 0.34023933 | F152: 0.53487696
A153: 151 | B153: 1 | C153: 0.29587429 | E153: 0.29587429 | F153: 0.35235571
A154: 152 | B154: 1 | C154: 0.24261442 | E154: 0.24261442 | F154: 0.60465058
A155: 153 | B155: 1 | C155: 0.29934054 | E155: 0.29934054 | F155: 0.45822708
... A201: 199 | B201: 1 | C201: 0.29791742 | E201: 0.29791742 | F201: 0.60554354
...

Sheet P5
A1: thisN | B1: key_resp.corr | C1: key_resp.rt | E1: seqRT | F1: ranRT
A2: 0 | B2: 1 | C2: 1.2480992 | E2: 1.2480992 | F2: 0.67963296
A3: 1 | B3: 1 | C3: 0.27590117 | E3: 0.27590117 | F3: 0.35985954
A4: 2 | B4: 1 | C4: 0.29559125 | E4: 0.29559125 | F4: 0.38437683
A5: 3 | B5: 1 | C5: 0.28422562 | E5: 0.28422562 | F5: 0.45256767
A6: 4 | B6: 1 | C6: 0.38611704 | E6: 0.38611704 | F6: 0.367329
A7: 5 | B7: 1 | C7: 0.28406804 | E7: 0.28406804 | F7: 0.61837979
A8: 6 | B8: 1 | C8: 0.28911604 | E8: 0.28911604 | F8: 0.42108892
A9: 7 | B9: 1 | C9: 0.383692 | E9: 0.383692 | F9: 0.41087446
A10: 8 | B10: 1 | C10: 0.32516442 | E10: 0.32516442 | F10: 0.45768412
A11: 9 | B11: 1 | C11: 0.25510692 | E11: 0.25510692 | F11: 0.52511987
A12: 10 | B12: 1 | C12: 0.39123288 | E12: 0.39123288 | F12: 0.49877987
A13: 11 | B13: 1 | C13: 0.29533996 | E13: 0.29533996 | F13: 0.32780629
... A19: 17 | B19: 1 | C19: 0.30188121 | E19: 0.30188121 | F19: 0.44171596
A20: 18 | B20: 1 | C20: 0.29227642 | E20: 0.29227642 | F20: 0.62764087 | H20: Mean seqRT | I20: =AVERAGE(E1:E201) -> 0.33899765
A21: 19 | B21: 1 | C21: 0.31894521 | E21: 0.31894521 | F21: 0.482254 | H21: Mean ranRT | I21: =AVERAGE(F1:F201) -> 0.43239819
A22: 20 | B22: 1 | C22: 0.2987665 | E22: 0.2987665 | F22: 0.48477062 | H22: Mean diff. | I22: =I21-I20 -> 0.093400538
A23: 21 | B23: 1 | C23: 0.33338875 | E23: 0.33338875 | F23: 0.37837017
A24: 22 | B24: 1 | C24: 0.25386621 | E24: 0.25386621 | F24: 0.4738795
A25: 23 | B25: 1 | C25: 0.27691275 | E25: 0.27691275 | F25: 0.36568667
A26: 24 | B26: 1 | C26: 0.3235605 | E26: 0.3235605 | F26: 0.37594296
A27: 25 | B27: 1 | C27: 0.50929946 | E27: 0.50929946 | F27: 0.34670879
A28: 26 | B28: 1 | C28: 0.27649475 | E28: 0.27649475 | F28: 0.45662133
A29: 27 | B29: 1 | C29: 0.28218133 | E29: 0.28218133 | F29: 0.51288504
A30: 28 | B30: 1 | C30: 0.25475471 | E30: 0.25475471
A31: 29 | B31: 1 | C31: 0.41223962 | E31: 0.41223962 | F31: 0.46889133
A32: 30 | B32: 1 | C32: 0.28847021 | E32: 0.28847021 | F32: 0.33659833
A33: 31 | B33: 1 | C33: 0.21712658 | E33: 0.21712658 | F33: 0.47860546
A34: 32 | B34: 1 | C34: 0.28899467 | E34: 0.28899467 | F34: 0.42268358
A35: 33 | B35: 1 | C35: 0.39437296 | E35: 0.39437296
A36: 34 | B36: 1 | C36: 0.26518433 | E36: 0.26518433
A37: 35 | B37: 1 | C37: 0.28144517 | E37: 0.28144517 | F37: 0.32664867
A38: 36 | B38: 1 | C38: 0.27210887 | E38: 0.27210887 | F38: 0.44656708
A39: 37 | B39: 1 | C39: 0.25561479 | E39: 0.25561479 | F39: 0.42633079
A40: 38 | B40: 1 | C40: 0.21602004 | E40: 0.21602004 | F40: 0.36201487
A41: 39 | B41: 1 | C41: 0.32942588 | E41: 0.32942588 | F41: 0.38630638
A42: 40 | B42: 1 | C42: 0.28001771 | E42: 0.28001771 | F42: 0.58077896
A43: 41 | B43: 1 | C43: 0.24238512 | E43: 0.24238512 | F43: 0.47776104
A44: 42 | B44: 1 | C44: 0.30358542 | E44: 0.30358542 | F44: 0.37432592
A45: 43 | B45: 1 | C45: 0.38618871 | E45: 0.38618871 | F45: 0.38562887
A46: 44 | B46: 1 | C46: 0.27042362 | E46: 0.27042362 | F46: 0.40122338
A47: 45 | B47: 1 | C47: 0.34383567 | E47: 0.34383567 | F47: 0.32262963
A48: 46 | B48: 1 | C48: 0.38149837 | E48: 0.38149837 | F48: 0.36238225
... A61: 59 | B61: 1 | C61: 0.29140275 | E61: 0.29140275 | F61: 0.35615383
A62: 60 | B62: 0 | F62: 0.41453467
A63: 61 | B63: 1 | C63: 0.34015592 | E63: 0.34015592 | F63: 0.39078612
A64: 62 | B64: 1 | C64: 0.31622358 | E64: 0.31622358 | F64: 0.36381287
A65: 63 | B65: 1 | C65: 0.2786075 | E65: 0.2786075
A66: 64 | B66: 1 | C66: 0.28038433 | E66: 0.28038433 | F66: 0.44094325
A67: 65 | B67: 1 | C67: 0.25063567 | E67: 0.25063567 | F67: 0.4209435
A68: 66 | B68: 1 | C68: 0.27497479 | E68: 0.27497479 | F68: 0.49658783
A69: 67 | B69: 1 | C69: 0.2693385 | E69: 0.2693385 | F69: 0.34421233
A70: 68 | B70: 1 | C70: 0.26551025 | E70: 0.26551025 | F70: 0.48108325
A71: 69 | B71: 1 | C71: 0.33836721 | E71: 0.33836721 | F71: 0.48982867
A72: 70 | B72: 1 | C72: 0.24674262 | E72: 0.24674262 | F72: 0.51278662
A73: 71 | B73: 1 | C73: 0.27153275 | E73: 0.27153275 | F73: 0.49818346
A74: 72 | B74: 1 | C74: 0.30571337 | E74: 0.30571337 | F74: 0.31302467
A75: 73 | B75: 1 | C75: 0.55140208 | E75: 0.55140208 | F75: 0.37333596
A76: 74 | B76: 1 | C76: 0.38819871 | E76: 0.38819871 | F76: 0.42690321
A77: 75 | B77: 1 | C77: 0.3356445 | E77: 0.3356445 | F77: 0.51355546
... A91: 89 | B91: 1 | C91: 0.27888746 | E91: 0.27888746 | F91: 0.35245154
A92: 90 | B92: 1 | C92: 0.27114783 | E92: 0.27114783
A93: 91 | B93: 1 | C93: 0.29693333 | E93: 0.29693333 | F93: 0.4717995
A94: 92 | B94: 1 | C94: 0.41401308 | E94: 0.41401308 | F94: 0.61248129
A95: 93 | B95: 1 | C95: 0.24832271 | E95: 0.24832271 | F95: 0.40250367
A96: 94 | B96: 1 | C96: 0.23421658 | E96: 0.23421658 | F96: 0.43463779
A97: 95 | B97: 1 | C97: 0.26622046 | E97: 0.26622046 | F97: 0.33270804
A98: 96 | B98: 1 | C98: 0.26831363 | E98: 0.26831363 | F98: 0.40019304
A99: 97 | B99: 1 | C99: 0.35248054 | E99: 0.35248054 | F99: 0.35677892
A100: 98 | B100: 1 | C100: 0.26815804 | E100: 0.26815804 | F100: 0.41783583
A101: 99 | B101: 1 | C101: 0.34910675 | E101: 0.34910675 | F101: 0.37870117
A102: 100 | B102: 1 | C102: 0.32420608 | E102: 0.32420608 | F102: 0.47430679
A103: 101 | B103: 1 | C103: 0.27280067 | E103: 0.27280067 | F103: 0.38758508
A104: 102 | B104: 1 | C104: 0.310563 | E104: 0.310563 | F104: 0.37208837
... A176: 174 | B176: 1 | C176: 0.2740185 | E176: 0.2740185 | F176: 0.35305158
A177: 175 | B177: 1 | C177: 0.28252017 | E177: 0.28252017
A178: 176 | B178: 1 | C178: 0.27036558 | E178: 0.27036558 | F178: 0.42373708
A179: 177 | B179: 1 | C179: 0.25796446 | E179: 0.25796446 | F179: 0.35454892
A180: 178 | B180: 1 | C180: 0.26994133 | E180: 0.26994133 | F180: 0.65667608
A181: 179 | B181: 1 | C181: 0.250437 | E181: 0.250437 | F181: 0.39574454
A182: 180 | B182: 1 | C182: 0.2634625 | E182: 0.2634625 | F182: 0.54761483
A183: 181 | B183: 1 | C183: 0.23971542 | E183: 0.23971542 | F183: 0.46056108
A184: 182 | B184: 1 | C184: 0.22155688 | E184: 0.22155688 | F184: 0.49662321
A185: 183 | B185: 1 | C185: 0.30655467 | E185: 0.30655467 | F185: 0.40590912
A186: 184 | B186: 1 | C186: 0.26413496 | E186: 0.26413496 | F186: 0.32201629
A187: 185 | B187: 1 | C187: 0.25134263 | E187: 0.25134263 | F187: 0.47459908
A188: 186 | B188: 1 | C188: 0.25119996 | E188: 0.25119996 | F188: 0.51951612
A189: 187 | B189: 1 | C189: 0.27987183 | E189: 0.27987183 | F189: 0.41098383
... A194: 192 | B194: 1 | C194: 0.16285875 | E194: 0.16285875 | F194: 0.51777237
A195: 193 | B195: 1 | C195: 0.36178396 | E195: 0.36178396
A196: 194 | B196: 1 | C196: 0.31513937 | E196: 0.31513937 | F196: 0.74133433
A197: 195 | B197: 1 | C197: 0.26913004 | E197: 0.26913004 | F197: 0.42930921
A198: 196 | B198: 1 | C198: 2.2450601 | E198: 2.2450601 | F198: 0.34883258
A199: 197 | B199: 1 | C199: 0.55240238 | E199: 0.55240238 | F199: 0.43579196
A200: 198 | B200: 1 | C200: 0.054838541 | E200: 0.054838541 | F200: 0.33466792
A201: 199 | B201: 1 | C201: 0.21705696 | E201: 0.21705696 | F201: 0.62850842
A202: 0 | B202: 1 | C202: 0.67963296
A203: 1 | B203: 1 | C203: 0.35985954
A204: 2 | B204: 1 | C204: 0.38437683
A205: 3 | B205: 1 | C205: 0.45256767
...

Sheet All particpant data 
A1: Participant | B1: Sequential RT | C1: Random RT | D1: Mean diffrence
A2: P1 | B2: ='P1'!I21 -> 0.32949494 | C2: ='P1'!I22 -> 0.50191944 | D2: ='P1'!I23 -> 0.1724245
A3: P2 | B3: ='P2'!I20 -> 0.35340299 | C3: ='P2'!I21 -> 0.43284541 | D3: ='P2'!I22 -> 0.079442421
A4: P3 | B4: ='P3'!I20 -> 0.32425772 | C4: ='P3'!I21 -> 0.43228424 | D4: ='P3'!I22 -> 0.10802652
A5: P4 | B5: ='P4'!I20 -> 0.3355465 | C5: ='P4'!I21 -> 0.45399693 | D5: ='P4'!I22 -> 0.11845044
A6: P5 | B6: ='P5'!I20 -> 0.33899765 | C6: ='P5'!I21 -> 0.43239819 | D6: ='P5'!I22 -> 0.093400538
A7: MEAN | B7: =AVERAGE(B2:B6) -> 0.33633996 | C7: =AVERAGE(C2:C6) -> 0.45068884 | D7: =C7-B7 -> 0.11434888
