Workbook

Sheet P1
A1: Trial No | B1: RT | C1: Response | D1: num_distr
A2: 53 | C2: None
A3: 63 | C3: None
A4: 0 | B4: 1.2903159 | C4: target' | D4: 5 | F4: Mean RT of accurate trials | H4: =AVERAGE(B4:B201) -> 1.8442826
A5: 1 | B5: 1.5405555 | C5: target' | D5: 10 | F5: Mean RT for set size 5 | H5: =AVERAGEIFS(B1:B201,D1:D201,5) -> 1.7588016
A6: 2 | B6: 2.1125668 | C6: target' | D6: 10 | F6: Mean RT for set size 10 | H6: =AVERAGEIFS(B1:B201,D1:D201,10) -> 1.9447932
A7: 3 | B7: 1.3646483 | C7: target' | D7: 10 | G7: Slope | H7: =(H6-H5)/(10-5) -> 0.037198325
A8: 4 | B8: 1.738715 | C8: target' | D8: 5
A9: 5 | B9: 2.3276557 | C9: target' | D9: 10
A10: 6 | B10: 1.5050937 | C10: target' | D10: 5
A11: 7 | B11: 1.4964036 | C11: target' | D11: 10
A12: 8 | B12: 1.8822548 | C12: target' | D12: 10
A13: 9 | B13: 1.6056231 | C13: target' | D13: 5
A14: 10 | B14: 1.2626275 | C14: target' | D14: 10
A15: 11 | B15: 2.1456452 | C15: target' | D15: 10
A16: 12 | B16: 1.2887077 | C16: target' | D16: 5
A17: 13 | B17: 1.4620141 | C17: target' | D17: 10
A18: 14 | B18: 1.1556565 | C18: target' | D18: 5
A19: 15 | B19: 1.3118875 | C19: target' | D19: 10
... A201: 199 | B201: 2.1088794 | C201: target' | D201: 10

Sheet P2
A1: Trial No | B1: RT | C1: Response | D1: num_distr
A2: 162 | C2: None
A3: 0 | B3: 2.4145035 | C3: target' | D3: 10
A4: 1 | B4: 1.5545597 | C4: target' | D4: 5 | F4: Mean RT of accurate trials | H4: =AVERAGE(B3:B201) -> 1.830997
A5: 2 | B5: 1.2944275 | C5: target' | D5: 10 | F5: Mean RT for set size 5 | H5: =AVERAGEIFS(B1:B201,D1:D201,5) -> 1.6584655
A6: 3 | B6: 2.2400827 | C6: target' | D6: 5 | F6: Mean RT for set size 10 | H6: =AVERAGEIFS(B1:B201,D1:D201,10) -> 1.9677786
A7: 4 | B7: 1.642671 | C7: target' | D7: 10
A8: 5 | B8: 1.7404619 | C8: target' | D8: 5 | G8: Slope | H8: =(H6-H5)/(10-5) -> 0.061862618
A9: 6 | B9: 1.4509795 | C9: target' | D9: 5
A10: 7 | B10: 1.3281226 | C10: target' | D10: 10
A11: 8 | B11: 2.1567542 | C11: target' | D11: 5
A12: 9 | B12: 2.5625081 | C12: target' | D12: 10
A13: 10 | B13: 1.1060612 | C13: target' | D13: 5
A14: 11 | B14: 1.7263109 | C14: target' | D14: 10
A15: 12 | B15: 1.5293396 | C15: target' | D15: 10
A16: 13 | B16: 1.0489517 | C16: target' | D16: 10
A17: 14 | B17: 1.5962293 | C17: target' | D17: 10
A18: 15 | B18: 1.6639377 | C18: target' | D18: 10
A19: 16 | B19: 1.4876413 | C19: target' | D19: 5
A20: 17 | B20: 1.296002 | C20: target' | D20: 10
... A201: 199 | B201: 3.2322248 | C201: target' | D201: 10

Sheet P3
A1: Trial No | B1: RT | C1: Response | D1: num_distr
A2: 16 | C2: None
A3: 49 | C3: None
A4: 164 | C4: None | F4: Mean RT of accurate trials | H4: =AVERAGE(B6:B201) -> 1.7122145
A5: 188 | C5: None | F5: Mean RT for set size 5 | H5: =AVERAGEIFS(B1:B201,D1:D201,5) -> 1.5604032
A6: 0 | B6: 2.1256251 | C6: target' | D6: 10 | F6: Mean RT for set size 10 | H6: =AVERAGEIFS(B1:B201,D1:D201,10) -> 1.8947292
A7: 1 | B7: 1.4354907 | C7: target' | D7: 10
A8: 2 | B8: 1.3696926 | C8: target' | D8: 10 | G8: Slope | H8: =(H6-H5)/(10-5) -> 0.066865213
A9: 3 | B9: 1.2033245 | C9: target' | D9: 10
A10: 4 | B10: 1.0597555 | C10: target' | D10: 5
A11: 5 | B11: 2.2927196 | C11: target' | D11: 5
A12: 6 | B12: 1.4096136 | C12: target' | D12: 5
A13: 7 | B13: 2.4860329 | C13: target' | D13: 10
A14: 8 | B14: 3.686315 | C14: target' | D14: 10
A15: 9 | B15: 1.5695571 | C15: target' | D15: 10
A16: 10 | B16: 1.7701938 | C16: target' | D16: 10
A17: 11 | B17: 5.6364327 | C17: target' | D17: 10
A18: 12 | B18: 1.2027664 | C18: target' | D18: 10
A19: 13 | B19: 1.9197262 | C19: target' | D19: 10
A20: 14 | B20: 3.1699815 | C20: target' | D20: 10
... A201: 199 | B201: 1.003637 | C201: target' | D201: 10

Sheet P4
A1: Trial No | B1: RT | C1: Response | D1: num_distr
A2: 78 | C2: None
A3: 0 | B3: 1.9898306 | C3: target' | D3: 5
A4: 1 | B4: 1.1851388 | C4: target' | D4: 5 | F4: Mean RT of accurate trials | H4: =AVERAGE(B3:B201) -> 1.7800102
A5: 2 | B5: 1.7558972 | C5: target' | D5: 5 | F5: Mean RT for set size 5 | H5: =AVERAGEIFS(B1:B201,D1:D201,5) -> 1.6727138
A6: 3 | B6: 1.7010248 | C6: target' | D6: 5 | F6: Mean RT for set size 10 | H6: =AVERAGEIFS(B1:B201,D1:D201,10) -> 1.9048004
A7: 4 | B7: 1.6801312 | C7: target' | D7: 10
A8: 5 | B8: 0.97283013 | C8: target' | D8: 5 | G8: Slope | H8: =(H6-H5)/(10-5) -> 0.046417321
A9: 6 | B9: 0.87442425 | C9: target' | D9: 10
A10: 7 | B10: 1.5424081 | C10: target' | D10: 5
A11: 8 | B11: 1.0247195 | C11: target' | D11: 10
A12: 9 | B12: 1.0408492 | C12: target' | D12: 5
A13: 10 | B13: 1.4835717 | C13: target' | D13: 5
A14: 11 | B14: 1.2379633 | C14: target' | D14: 5
A15: 12 | B15: 1.352999 | C15: target' | D15: 5
A16: 13 | B16: 1.0965153 | C16: target' | D16: 10
A17: 14 | B17: 1.0409587 | C17: target' | D17: 5
A18: 15 | B18: 1.5013214 | C18: target' | D18: 5
A19: 16 | B19: 1.7515436 | C19: target' | D19: 5
A20: 17 | B20: 2.2297156 | C20: target' | D20: 10
... A201: 199 | B201: 1.9724305 | C201: target' | D201: 5

Sheet P5
A1: Trial No | B1: RT | C1: Response | D1: num_distr
A2: 4 | C2: None
A3: 121 | C3: None
A4: 132 | C4: None | F4: Mean RT of accurate trials | H4: =AVERAGE(B8:B201) -> 1.8312725
A5: 141 | C5: None | F5: Mean RT for set size 5 | H5: =AVERAGEIFS(B1:B201,D1:D201,5) -> 1.6175986
A6: 142 | C6: None | F6: Mean RT for set size 10 | H6: =AVERAGEIFS(B1:B201,D1:D201,10) -> 2.0161827
A7: 150 | C7: None
A8: 0 | B8: 2.5980431 | C8: target' | D8: 10 | G8: Slope | H8: =(H6-H5)/(10-5) -> 0.079716831
A9: 1 | B9: 0.99763746 | C9: target' | D9: 10 | F9: Participant | G9: Mean RT (5) | H9: Mean RT (10) | I9: Slope (ms/item)
A10: 2 | B10: 4.6046206 | C10: target' | D10: 5 | F10: P1 | G10: ='P1'!H5 -> 1.7588016 | H10: ='P1'!H6 -> 1.9447932 | I10: ='P1'!H7 -> 0.037198325
A11: 3 | B11: 1.6125165 | C11: target' | D11: 10 | F11: P2 | G11: ='P2'!H5 -> 1.6584655 | H11: ='P2'!H6 -> 1.9677786 | I11: ='P2'!H8 -> 0.061862618
A12: 5 | B12: 2.3101268 | C12: target' | D12: 10 | F12: P3 | G12: ='P3'!H5 -> 1.5604032 | H12: ='P3'!H6 -> 1.8947292 | I12: ='P3'!H8 -> 0.066865213
A13: 6 | B13: 1.113703 | C13: target' | D13: 10 | F13: P4 | G13: ='P4'!H5 -> 1.6727138 | H13: ='P4'!H6 -> 1.9048004 | I13: ='P4'!H8 -> 0.046417321
A14: 7 | B14: 2.4215425 | C14: target' | D14: 5 | F14: P5 | G14: =H5 -> 1.6175986 | H14: =H6 -> 2.0161827 | I14: =H8 -> 0.079716831
A15: 8 | B15: 1.160764 | C15: target' | D15: 10 | F15: Total | G15: =AVERAGE(G10:G14) -> 1.6535965 | H15: =AVERAGE(H10:H14) -> 1.9456568
A16: 9 | B16: 1.5972226 | C16: target' | D16: 10
A17: 10 | B17: 1.9313703 | C17: target' | D17: 10
A18: 11 | B18: 1.2218118 | C18: target' | D18: 5 | G18: Slope total | H18: =(H15-G15)/(10-5) -> 0.058412061
A19: 12 | B19: 0.94652596 | C19: target' | D19: 10
A20: 13 | B20: 1.6972524 | C20: target' | D20: 10
A21: 14 | B21: 0.96177933 | C21: target' | D21: 10
A22: 15 | B22: 1.2069571 | C22: target' | D22: 5
A23: 16 | B23: 1.8421631 | C23: target' | D23: 10
A24: 17 | B24: 0.98163325 | C24: target' | D24: 10
A25: 18 | B25: 2.4037106 | C25: target' | D25: 5
A26: 19 | B26: 1.7626791 | C26: target' | D26: 10
A27: 20 | B27: 1.689858 | C27: target' | D27: 5
A28: 21 | B28: 3.0293793 | C28: target' | D28: 10
A29: 22 | B29: 1.7823938 | C29: target' | D29: 10
A30: 23 | B30: 1.205176 | C30: target' | D30: 5
... A201: 199 | B201: 0.97820096 | C201: target' | D201: 10
